-- phpMyAdmin SQL Dump
-- version 5.0.3
-- https://www.phpmyadmin.net/
--
-- Host: 127.0.0.1
-- Generation Time: May 07, 2024 at 06:20 AM
-- Server version: 10.4.14-MariaDB
-- PHP Version: 7.4.9

SET SQL_MODE = "NO_AUTO_VALUE_ON_ZERO";
START TRANSACTION;
SET time_zone = "+00:00";


/*!40101 SET @OLD_CHARACTER_SET_CLIENT=@@CHARACTER_SET_CLIENT */;
/*!40101 SET @OLD_CHARACTER_SET_RESULTS=@@CHARACTER_SET_RESULTS */;
/*!40101 SET @OLD_COLLATION_CONNECTION=@@COLLATION_CONNECTION */;
/*!40101 SET NAMES utf8mb4 */;

--
-- Database: `dbklinik`
--

-- --------------------------------------------------------

--
-- Table structure for table `daftar_poli`
--

CREATE TABLE `daftar_poli` (
  `id` bigint(20) UNSIGNED NOT NULL,
  `id_pasien` bigint(20) UNSIGNED NOT NULL,
  `id_jadwal` bigint(20) UNSIGNED NOT NULL,
  `keluhan` varchar(255) COLLATE utf8mb4_unicode_ci NOT NULL,
  `no_antrian` int(11) NOT NULL,
  `status` tinyint(4) NOT NULL DEFAULT 0,
  `created_at` timestamp NULL DEFAULT NULL,
  `updated_at` timestamp NULL DEFAULT NULL
) ENGINE=InnoDB DEFAULT CHARSET=utf8mb4 COLLATE=utf8mb4_unicode_ci;

--
-- Dumping data for table `daftar_poli`
--

INSERT INTO `daftar_poli` (`id`, `id_pasien`, `id_jadwal`, `keluhan`, `no_antrian`, `status`, `created_at`, `updated_at`) VALUES
(1, 1, 1, 'Kepo aja dok , Dibedah itu rasanya bagaimana kalau gak pakai Anestesi', 1, 1, '2023-12-30 09:37:07', '2023-12-30 09:38:53'),
(2, 1, 1, 'Aku sakit', 2, 1, '2024-01-01 18:57:07', '2024-01-01 18:59:22'),
(3, 2, 1, 'Saya skait', 3, 1, '2024-01-06 21:36:50', '2024-01-06 21:39:46');

-- --------------------------------------------------------

--
-- Table structure for table `detail_periksa`
--

CREATE TABLE `detail_periksa` (
  `id` bigint(20) UNSIGNED NOT NULL,
  `id_periksa` bigint(20) UNSIGNED NOT NULL,
  `id_obat` bigint(20) UNSIGNED NOT NULL,
  `created_at` timestamp NULL DEFAULT NULL,
  `updated_at` timestamp NULL DEFAULT NULL
) ENGINE=InnoDB DEFAULT CHARSET=utf8mb4 COLLATE=utf8mb4_unicode_ci;

--
-- Dumping data for table `detail_periksa`
--

INSERT INTO `detail_periksa` (`id`, `id_periksa`, `id_obat`, `created_at`, `updated_at`) VALUES
(1, 1, 2, '2023-12-30 09:38:44', '2023-12-30 09:38:44'),
(2, 2, 1, '2024-01-01 18:59:12', '2024-01-01 18:59:12'),
(3, 3, 1, '2024-01-06 21:39:32', '2024-01-06 21:39:32');

-- --------------------------------------------------------

--
-- Table structure for table `dokter`
--

CREATE TABLE `dokter` (
  `id` bigint(20) UNSIGNED NOT NULL,
  `user_id` bigint(20) UNSIGNED NOT NULL,
  `nama` varchar(255) COLLATE utf8mb4_unicode_ci NOT NULL,
  `alamat` varchar(255) COLLATE utf8mb4_unicode_ci NOT NULL,
  `no_hp` varchar(255) COLLATE utf8mb4_unicode_ci NOT NULL,
  `id_poli` bigint(20) UNSIGNED NOT NULL,
  `created_at` timestamp NULL DEFAULT NULL,
  `updated_at` timestamp NULL DEFAULT NULL
) ENGINE=InnoDB DEFAULT CHARSET=utf8mb4 COLLATE=utf8mb4_unicode_ci;

--
-- Dumping data for table `dokter`
--

INSERT INTO `dokter` (`id`, `user_id`, `nama`, `alamat`, `no_hp`, `id_poli`, `created_at`, `updated_at`) VALUES
(1, 3, 'Benjamin Wijaya Sidharta, Sp.B', 'Jl. Muara Tanjung Serpong 29 , Tangerang Selatan', '081392093441', 3, '2023-12-30 09:32:53', '2024-01-06 21:44:34');

-- --------------------------------------------------------

--
-- Table structure for table `failed_jobs`
--

CREATE TABLE `failed_jobs` (
  `id` bigint(20) UNSIGNED NOT NULL,
  `uuid` varchar(255) COLLATE utf8mb4_unicode_ci NOT NULL,
  `connection` text COLLATE utf8mb4_unicode_ci NOT NULL,
  `queue` text COLLATE utf8mb4_unicode_ci NOT NULL,
  `payload` longtext COLLATE utf8mb4_unicode_ci NOT NULL,
  `exception` longtext COLLATE utf8mb4_unicode_ci NOT NULL,
  `failed_at` timestamp NOT NULL DEFAULT current_timestamp()
) ENGINE=InnoDB DEFAULT CHARSET=utf8mb4 COLLATE=utf8mb4_unicode_ci;

-- --------------------------------------------------------

--
-- Table structure for table `jadwal_periksa`
--

CREATE TABLE `jadwal_periksa` (
  `id` bigint(20) UNSIGNED NOT NULL,
  `id_dokter` bigint(20) UNSIGNED NOT NULL,
  `hari` varchar(255) COLLATE utf8mb4_unicode_ci NOT NULL,
  `jam_mulai` time NOT NULL,
  `jam_selesai` time NOT NULL,
  `created_at` timestamp NULL DEFAULT NULL,
  `updated_at` timestamp NULL DEFAULT NULL,
  `aktif` char(1) COLLATE utf8mb4_unicode_ci DEFAULT 'Y'
) ENGINE=InnoDB DEFAULT CHARSET=utf8mb4 COLLATE=utf8mb4_unicode_ci;

--
-- Dumping data for table `jadwal_periksa`
--

INSERT INTO `jadwal_periksa` (`id`, `id_dokter`, `hari`, `jam_mulai`, `jam_selesai`, `created_at`, `updated_at`, `aktif`) VALUES
(1, 1, 'Senin', '13:20:00', '15:00:00', '2023-12-30 09:33:47', '2023-12-30 09:33:47', 'Y'),
(2, 1, 'Rabu', '13:00:00', '18:30:00', '2024-01-05 20:32:51', '2024-01-06 00:00:50', 'N'),
(3, 1, 'Sabtu', '14:55:00', '18:44:00', '2024-01-06 21:38:24', '2024-01-06 21:38:46', 'N');

-- --------------------------------------------------------

--
-- Table structure for table `migrations`
--

CREATE TABLE `migrations` (
  `id` int(10) UNSIGNED NOT NULL,
  `migration` varchar(255) COLLATE utf8mb4_unicode_ci NOT NULL,
  `batch` int(11) NOT NULL
) ENGINE=InnoDB DEFAULT CHARSET=utf8mb4 COLLATE=utf8mb4_unicode_ci;

--
-- Dumping data for table `migrations`
--

INSERT INTO `migrations` (`id`, `migration`, `batch`) VALUES
(1, '2014_10_12_000000_create_users_table', 1),
(2, '2014_10_12_100000_create_password_resets_table', 1),
(3, '2019_08_19_000000_create_failed_jobs_table', 1),
(4, '2019_12_14_000001_create_personal_access_tokens_table', 1),
(5, '2023_10_25_062634_add_role_as_to_user_table', 1),
(6, '2023_12_18_082229_create_obat_table', 1),
(7, '2023_12_18_095737_create_poli_table', 1),
(8, '2023_12_18_113102_create_pasien_table', 2),
(9, '2023_12_18_113154_create_dokter_table', 3),
(10, '2023_12_18_113233_create_jadwal_periksa_table', 4),
(11, '2023_12_18_113342_create_daftar_poli_table', 5),
(12, '2023_12_18_113450_create_periksa_table', 6),
(13, '2023_12_18_113620_create_detail_periksa_table', 7),
(16, '2024_01_06_030902_add_status_to_jadwal_periksa_table', 8);

-- --------------------------------------------------------

--
-- Table structure for table `obat`
--

CREATE TABLE `obat` (
  `id` bigint(20) UNSIGNED NOT NULL,
  `nama_obat` varchar(255) COLLATE utf8mb4_unicode_ci NOT NULL,
  `kemasan` varchar(255) COLLATE utf8mb4_unicode_ci NOT NULL,
  `harga` int(11) NOT NULL,
  `created_at` timestamp NULL DEFAULT NULL,
  `updated_at` timestamp NULL DEFAULT NULL
) ENGINE=InnoDB DEFAULT CHARSET=utf8mb4 COLLATE=utf8mb4_unicode_ci;

--
-- Dumping data for table `obat`
--

INSERT INTO `obat` (`id`, `nama_obat`, `kemasan`, `harga`, `created_at`, `updated_at`) VALUES
(1, 'Panadol 100mg', 'Box', 50000, '2023-12-30 09:17:39', '2023-12-30 09:17:39'),
(2, 'Enola Reverof 1200mg', 'Satchet', 100000, '2023-12-30 09:18:38', '2023-12-30 09:18:38'),
(3, 'Blue Dust MAX', 'Bottle', 250000, '2023-12-30 09:19:25', '2023-12-30 09:19:25');

-- --------------------------------------------------------

--
-- Table structure for table `pasien`
--

CREATE TABLE `pasien` (
  `id` bigint(20) UNSIGNED NOT NULL,
  `user_id` bigint(20) UNSIGNED NOT NULL,
  `nama` varchar(255) COLLATE utf8mb4_unicode_ci NOT NULL,
  `alamat` varchar(255) COLLATE utf8mb4_unicode_ci NOT NULL,
  `no_ktp` varchar(255) COLLATE utf8mb4_unicode_ci NOT NULL,
  `no_hp` varchar(255) COLLATE utf8mb4_unicode_ci NOT NULL,
  `no_rm` varchar(255) COLLATE utf8mb4_unicode_ci NOT NULL,
  `created_at` timestamp NULL DEFAULT NULL,
  `updated_at` timestamp NULL DEFAULT NULL
) ENGINE=InnoDB DEFAULT CHARSET=utf8mb4 COLLATE=utf8mb4_unicode_ci;

--
-- Dumping data for table `pasien`
--

INSERT INTO `pasien` (`id`, `user_id`, `nama`, `alamat`, `no_ktp`, `no_hp`, `no_rm`, `created_at`, `updated_at`) VALUES
(1, 2, 'Ariel Emmanuel Prayogo', 'Taman Marina A3/9 , Semarang', '3349291310041244', '081392093441', '202312-1', '2023-12-30 09:36:18', '2023-12-30 09:36:18'),
(2, 4, 'Ariel Emmanuel Kedua', 'Tanah Mas Marina', '3943939331412124', '081754278421', '202401-2', '2024-01-06 21:35:45', '2024-01-06 21:35:45');

-- --------------------------------------------------------

--
-- Table structure for table `password_resets`
--

CREATE TABLE `password_resets` (
  `email` varchar(255) COLLATE utf8mb4_unicode_ci NOT NULL,
  `token` varchar(255) COLLATE utf8mb4_unicode_ci NOT NULL,
  `created_at` timestamp NULL DEFAULT NULL
) ENGINE=InnoDB DEFAULT CHARSET=utf8mb4 COLLATE=utf8mb4_unicode_ci;

-- --------------------------------------------------------

--
-- Table structure for table `periksa`
--

CREATE TABLE `periksa` (
  `id` bigint(20) UNSIGNED NOT NULL,
  `id_daftar_poli` bigint(20) UNSIGNED NOT NULL,
  `tgl_periksa` date NOT NULL,
  `catatan` text COLLATE utf8mb4_unicode_ci NOT NULL,
  `biaya_periksa` int(11) NOT NULL,
  `created_at` timestamp NULL DEFAULT NULL,
  `updated_at` timestamp NULL DEFAULT NULL
) ENGINE=InnoDB DEFAULT CHARSET=utf8mb4 COLLATE=utf8mb4_unicode_ci;

--
-- Dumping data for table `periksa`
--

INSERT INTO `periksa` (`id`, `id_daftar_poli`, `tgl_periksa`, `catatan`, `biaya_periksa`, `created_at`, `updated_at`) VALUES
(1, 1, '2023-12-30', 'Ya udah, besok kita bedah tapi sebelum itu minum Enola yang banyak ya...', 250000, '2023-12-30 09:38:44', '2023-12-30 09:38:44'),
(2, 2, '2024-01-02', 'Hayolo', 200000, '2024-01-01 18:59:12', '2024-01-01 18:59:12'),
(3, 3, '2024-01-07', 'Ya udah jangan sakit', 200000, '2024-01-06 21:39:32', '2024-01-06 21:39:32');

-- --------------------------------------------------------

--
-- Table structure for table `personal_access_tokens`
--

CREATE TABLE `personal_access_tokens` (
  `id` bigint(20) UNSIGNED NOT NULL,
  `tokenable_type` varchar(255) COLLATE utf8mb4_unicode_ci NOT NULL,
  `tokenable_id` bigint(20) UNSIGNED NOT NULL,
  `name` varchar(255) COLLATE utf8mb4_unicode_ci NOT NULL,
  `token` varchar(64) COLLATE utf8mb4_unicode_ci NOT NULL,
  `abilities` text COLLATE utf8mb4_unicode_ci DEFAULT NULL,
  `last_used_at` timestamp NULL DEFAULT NULL,
  `created_at` timestamp NULL DEFAULT NULL,
  `updated_at` timestamp NULL DEFAULT NULL
) ENGINE=InnoDB DEFAULT CHARSET=utf8mb4 COLLATE=utf8mb4_unicode_ci;

-- --------------------------------------------------------

--
-- Table structure for table `poli`
--

CREATE TABLE `poli` (
  `id` bigint(20) UNSIGNED NOT NULL,
  `nama_poli` varchar(255) COLLATE utf8mb4_unicode_ci NOT NULL,
  `keterangan` varchar(255) COLLATE utf8mb4_unicode_ci NOT NULL,
  `created_at` timestamp NULL DEFAULT NULL,
  `updated_at` timestamp NULL DEFAULT NULL
) ENGINE=InnoDB DEFAULT CHARSET=utf8mb4 COLLATE=utf8mb4_unicode_ci;

--
-- Dumping data for table `poli`
--

INSERT INTO `poli` (`id`, `nama_poli`, `keterangan`, `created_at`, `updated_at`) VALUES
(1, 'Anak', 'Penyembuhan terhadap anak itu sangat penting', '2023-12-30 09:20:10', '2023-12-30 09:20:10'),
(2, 'Bedah Umum', 'Kami akan lakukan pembedahan jika memang anda ingin dibedah', '2023-12-30 09:20:31', '2023-12-30 09:21:18'),
(3, 'Bedah Onkologi', 'Saya tidak tahu artinya tapi yang jelas kami tetap akan membedah', '2023-12-30 09:21:38', '2023-12-30 09:21:38'),
(4, 'Mata', 'Susah Melihat? Haha baguslah saya ada kerjaan kalau begitu', '2023-12-30 09:21:58', '2023-12-30 09:21:58'),
(5, 'Saraf', 'Kami akan urut anda to the bone!', '2023-12-30 09:22:22', '2023-12-30 09:22:22');

-- --------------------------------------------------------

--
-- Table structure for table `users`
--

CREATE TABLE `users` (
  `id` bigint(20) UNSIGNED NOT NULL,
  `name` varchar(255) COLLATE utf8mb4_unicode_ci NOT NULL,
  `email` varchar(255) COLLATE utf8mb4_unicode_ci NOT NULL,
  `email_verified_at` timestamp NULL DEFAULT NULL,
  `password` varchar(255) COLLATE utf8mb4_unicode_ci NOT NULL,
  `remember_token` varchar(100) COLLATE utf8mb4_unicode_ci DEFAULT NULL,
  `created_at` timestamp NULL DEFAULT NULL,
  `updated_at` timestamp NULL DEFAULT NULL,
  `role_as` int(11) DEFAULT NULL
) ENGINE=InnoDB DEFAULT CHARSET=utf8mb4 COLLATE=utf8mb4_unicode_ci;

--
-- Dumping data for table `users`
--

INSERT INTO `users` (`id`, `name`, `email`, `email_verified_at`, `password`, `remember_token`, `created_at`, `updated_at`, `role_as`) VALUES
(1, 'Admin', 'admin@example.com', NULL, '$2y$10$LBWIe.hYH9VQSKnU.I31euSS4UWkKCm9qCWte21.W1ogHC/TRNPuq', NULL, '2023-12-30 09:08:37', '2024-01-06 21:41:38', 1),
(2, 'Phedra', 'arielemmanuel4@gmail.com', NULL, '$2y$10$d4JD6VK0vO1ViYYNf8pqHu84DYL45Z9YUj6uKstQp0CpJi3BOSV2C', NULL, '2023-12-30 09:23:05', '2023-12-30 09:23:05', 0),
(3, 'Benjamin', 'benjamin@gmail.com', NULL, '$2y$10$B2XX1iuVFEnDz.0FOkClrOOwn5tp5Ty8wCE4pmI9DoJqiz4jCJeRO', NULL, '2023-12-30 09:27:21', '2023-12-30 09:27:21', 2),
(4, 'Ariel Test', 'arielemmanuel99@gmail.com', NULL, '$2y$10$nu8DdWvioNzJbDAZR4SDoegoyICZrMv5EmqLNVAbB4oo7HSxS3e1i', NULL, '2024-01-06 21:35:02', '2024-01-06 21:35:02', 0);

--
-- Indexes for dumped tables
--

--
-- Indexes for table `daftar_poli`
--
ALTER TABLE `daftar_poli`
  ADD PRIMARY KEY (`id`),
  ADD KEY `daftar_poli_id_pasien_foreign` (`id_pasien`),
  ADD KEY `daftar_poli_id_jadwal_foreign` (`id_jadwal`);

--
-- Indexes for table `detail_periksa`
--
ALTER TABLE `detail_periksa`
  ADD PRIMARY KEY (`id`),
  ADD KEY `detail_periksa_id_periksa_foreign` (`id_periksa`),
  ADD KEY `detail_periksa_id_obat_foreign` (`id_obat`);

--
-- Indexes for table `dokter`
--
ALTER TABLE `dokter`
  ADD PRIMARY KEY (`id`),
  ADD KEY `dokter_user_id_foreign` (`user_id`),
  ADD KEY `dokter_id_poli_foreign` (`id_poli`);

--
-- Indexes for table `failed_jobs`
--
ALTER TABLE `failed_jobs`
  ADD PRIMARY KEY (`id`),
  ADD UNIQUE KEY `failed_jobs_uuid_unique` (`uuid`);

--
-- Indexes for table `jadwal_periksa`
--
ALTER TABLE `jadwal_periksa`
  ADD PRIMARY KEY (`id`),
  ADD KEY `jadwal_periksa_id_dokter_foreign` (`id_dokter`);

--
-- Indexes for table `migrations`
--
ALTER TABLE `migrations`
  ADD PRIMARY KEY (`id`);

--
-- Indexes for table `obat`
--
ALTER TABLE `obat`
  ADD PRIMARY KEY (`id`);

--
-- Indexes for table `pasien`
--
ALTER TABLE `pasien`
  ADD PRIMARY KEY (`id`),
  ADD KEY `pasien_user_id_foreign` (`user_id`);

--
-- Indexes for table `password_resets`
--
ALTER TABLE `password_resets`
  ADD KEY `password_resets_email_index` (`email`);

--
-- Indexes for table `periksa`
--
ALTER TABLE `periksa`
  ADD PRIMARY KEY (`id`),
  ADD KEY `periksa_id_daftar_poli_foreign` (`id_daftar_poli`);

--
-- Indexes for table `personal_access_tokens`
--
ALTER TABLE `personal_access_tokens`
  ADD PRIMARY KEY (`id`),
  ADD UNIQUE KEY `personal_access_tokens_token_unique` (`token`),
  ADD KEY `personal_access_tokens_tokenable_type_tokenable_id_index` (`tokenable_type`,`tokenable_id`);

--
-- Indexes for table `poli`
--
ALTER TABLE `poli`
  ADD PRIMARY KEY (`id`);

--
-- Indexes for table `users`
--
ALTER TABLE `users`
  ADD PRIMARY KEY (`id`),
  ADD UNIQUE KEY `users_email_unique` (`email`);

--
-- AUTO_INCREMENT for dumped tables
--

--
-- AUTO_INCREMENT for table `daftar_poli`
--
ALTER TABLE `daftar_poli`
  MODIFY `id` bigint(20) UNSIGNED NOT NULL AUTO_INCREMENT, AUTO_INCREMENT=4;

--
-- AUTO_INCREMENT for table `detail_periksa`
--
ALTER TABLE `detail_periksa`
  MODIFY `id` bigint(20) UNSIGNED NOT NULL AUTO_INCREMENT, AUTO_INCREMENT=4;

--
-- AUTO_INCREMENT for table `dokter`
--
ALTER TABLE `dokter`
  MODIFY `id` bigint(20) UNSIGNED NOT NULL AUTO_INCREMENT, AUTO_INCREMENT=2;

--
-- AUTO_INCREMENT for table `failed_jobs`
--
ALTER TABLE `failed_jobs`
  MODIFY `id` bigint(20) UNSIGNED NOT NULL AUTO_INCREMENT;

--
-- AUTO_INCREMENT for table `jadwal_periksa`
--
ALTER TABLE `jadwal_periksa`
  MODIFY `id` bigint(20) UNSIGNED NOT NULL AUTO_INCREMENT, AUTO_INCREMENT=4;

--
-- AUTO_INCREMENT for table `migrations`
--
ALTER TABLE `migrations`
  MODIFY `id` int(10) UNSIGNED NOT NULL AUTO_INCREMENT, AUTO_INCREMENT=17;

--
-- AUTO_INCREMENT for table `obat`
--
ALTER TABLE `obat`
  MODIFY `id` bigint(20) UNSIGNED NOT NULL AUTO_INCREMENT, AUTO_INCREMENT=5;

--
-- AUTO_INCREMENT for table `pasien`
--
ALTER TABLE `pasien`
  MODIFY `id` bigint(20) UNSIGNED NOT NULL AUTO_INCREMENT, AUTO_INCREMENT=3;

--
-- AUTO_INCREMENT for table `periksa`
--
ALTER TABLE `periksa`
  MODIFY `id` bigint(20) UNSIGNED NOT NULL AUTO_INCREMENT, AUTO_INCREMENT=4;

--
-- AUTO_INCREMENT for table `personal_access_tokens`
--
ALTER TABLE `personal_access_tokens`
  MODIFY `id` bigint(20) UNSIGNED NOT NULL AUTO_INCREMENT;

--
-- AUTO_INCREMENT for table `poli`
--
ALTER TABLE `poli`
  MODIFY `id` bigint(20) UNSIGNED NOT NULL AUTO_INCREMENT, AUTO_INCREMENT=6;

--
-- AUTO_INCREMENT for table `users`
--
ALTER TABLE `users`
  MODIFY `id` bigint(20) UNSIGNED NOT NULL AUTO_INCREMENT, AUTO_INCREMENT=5;

--
-- Constraints for dumped tables
--

--
-- Constraints for table `daftar_poli`
--
ALTER TABLE `daftar_poli`
  ADD CONSTRAINT `daftar_poli_id_jadwal_foreign` FOREIGN KEY (`id_jadwal`) REFERENCES `jadwal_periksa` (`id`),
  ADD CONSTRAINT `daftar_poli_id_pasien_foreign` FOREIGN KEY (`id_pasien`) REFERENCES `pasien` (`id`);

--
-- Constraints for table `detail_periksa`
--
ALTER TABLE `detail_periksa`
  ADD CONSTRAINT `detail_periksa_id_obat_foreign` FOREIGN KEY (`id_obat`) REFERENCES `obat` (`id`),
  ADD CONSTRAINT `detail_periksa_id_periksa_foreign` FOREIGN KEY (`id_periksa`) REFERENCES `periksa` (`id`);

--
-- Constraints for table `dokter`
--
ALTER TABLE `dokter`
  ADD CONSTRAINT `dokter_id_poli_foreign` FOREIGN KEY (`id_poli`) REFERENCES `poli` (`id`),
  ADD CONSTRAINT `dokter_user_id_foreign` FOREIGN KEY (`user_id`) REFERENCES `users` (`id`);

--
-- Constraints for table `jadwal_periksa`
--
ALTER TABLE `jadwal_periksa`
  ADD CONSTRAINT `jadwal_periksa_id_dokter_foreign` FOREIGN KEY (`id_dokter`) REFERENCES `dokter` (`id`);

--
-- Constraints for table `pasien`
--
ALTER TABLE `pasien`
  ADD CONSTRAINT `pasien_user_id_foreign` FOREIGN KEY (`user_id`) REFERENCES `users` (`id`);

--
-- Constraints for table `periksa`
--
ALTER TABLE `periksa`
  ADD CONSTRAINT `periksa_id_daftar_poli_foreign` FOREIGN KEY (`id_daftar_poli`) REFERENCES `daftar_poli` (`id`);
COMMIT;

/*!40101 SET CHARACTER_SET_CLIENT=@OLD_CHARACTER_SET_CLIENT */;
/*!40101 SET CHARACTER_SET_RESULTS=@OLD_CHARACTER_SET_RESULTS */;
/*!40101 SET COLLATION_CONNECTION=@OLD_COLLATION_CONNECTION */;
